area,file,lat,lon,radius_km,Shops,Supermarkets,Markets,Mosques,Churches,Places of worship (other),Schools,Nurseries,Colleges,Hospitals,Clinics,Pharmacies,Banks,ATMs,Money transfer,Fuel stations,Restaurants & cafes,Bars,Police,Post offices,Fire stations,Ferry terminals,Bus & taxi ranks,Public water points,Government offices,Hotels & guesthouses,Sports grounds & gyms,Nature reserves,Libraries,Workshops
Bakau,bakau.html,13.4775,-16.6779,1,2,0,1,4,0,0,3,0,0,0,0,0,2,0,0,1,2,0,0,0,0,0,0,0,0,3,6,0,0,0
Bakau,bakau.html,13.4775,-16.6779,2,19,5,1,6,2,0,15,1,3,2,2,0,4,3,0,3,25,1,1,0,0,0,1,0,8,11,20,0,0,0
Bakau,bakau.html,13.4775,-16.6779,3,36,6,1,8,2,0,29,1,6,4,2,1,9,3,2,6,39,1,1,1,0,0,3,0,14,17,32,0,2,1
Bakau,bakau.html,13.4775,-16.6779,5,53,10,3,12,7,0,39,1,7,5,2,2,17,6,3,16,51,5,3,2,2,0,12,0,15,71,50,0,2,2
Bakoteh,bakoteh.html,13.4334,-16.6985,1,2,0,1,1,2,0,4,0,0,0,0,0,2,0,0,1,0,2,0,0,0,0,3,0,0,0,5,0,0,0
Bakoteh,bakoteh.html,13.4334,-16.6985,2,5,1,3,3,3,0,9,0,0,1,0,0,2,0,1,4,6,2,1,0,0,0,5,0,0,41,11,0,0,0
Bakoteh,bakoteh.html,13.4334,-16.6985,3,56,11,5,11,5,0,20,0,2,6,0,2,11,6,3,12,82,16,3,1,2,0,12,0,0,70,36,0,1,2
Bakoteh,bakoteh.html,13.4334,-16.6985,5,152,19,12,33,7,0,49,1,9,16,4,10,23,11,11,27,129,22,8,2,2,0,24,0,15,110,79,1,2,2
Banjul,banjul.html,13.4554,-16.5757,1,0,0,2,3,3,1,5,0,0,1,0,0,5,1,1,0,7,1,0,1,1,0,1,0,10,5,7,0,0,3
Banjul,banjul.html,13.4554,-16.5757,2,2,0,3,4,3,1,8,0,1,2,0,0,5,1,1,1,10,1,0,1,1,1,2,0,11,5,9,1,1,4
Banjul,banjul.html,13.4554,-16.5757,3,2,0,3,4,3,1,8,0,1,2,0,0,5,1,1,1,10,1,0,1,1,1,2,0,11,5,9,1,1,4
Banjul,banjul.html,13.4554,-16.5757,5,2,0,3,6,3,1,8,0,1,2,0,0,6,1,1,1,10,1,1,1,1,3,2,0,11,6,10,1,1,4
Bansang,bansang.html,13.4358,-14.6588,1,0,0,1,1,0,0,1,0,0,0,0,0,0,0,1,0,0,0,1,0,0,2,1,0,2,0,0,0,0,0
Bansang,bansang.html,13.4358,-14.6588,2,0,0,1,1,0,0,1,0,0,1,0,0,0,1,1,0,0,0,1,0,0,2,1,0,2,0,0,0,0,0
Bansang,bansang.html,13.4358,-14.6588,3,0,0,1,2,0,0,3,0,0,1,0,0,0,1,1,0,0,0,1,0,0,2,1,0,2,0,0,0,0,0
Bansang,bansang.html,13.4358,-14.6588,5,0,0,1,3,0,0,6,0,0,1,0,0,0,1,1,0,0,0,1,0,0,2,1,0,2,0,0,0,0,0
Barra,barra.html,13.4855,-16.543,1,0,0,0,4,0,0,0,0,0,0,0,0,1,0,0,0,0,0,1,0,0,2,0,0,0,2,0,0,0,0
Barra,barra.html,13.4855,-16.543,2,0,0,0,4,0,0,2,0,0,0,0,0,1,0,0,0,0,0,1,0,0,2,0,0,0,4,1,0,0,0
Barra,barra.html,13.4855,-16.543,3,0,0,0,4,0,0,2,0,0,0,0,0,1,0,0,0,0,0,1,0,0,2,0,0,0,5,2,0,0,0
Barra,barra.html,13.4855,-16.543,5,0,0,1,4,1,1,3,0,0,1,0,0,5,1,1,0,4,1,1,1,0,2,1,0,8,7,8,0,0,0
Basse Santa Su,basse.html,13.31,-14.215,1,17,0,0,2,3,0,3,0,0,3,0,0,9,2,0,4,2,3,0,0,0,3,0,0,6,5,1,0,0,3
Basse Santa Su,basse.html,13.31,-14.215,2,21,0,0,5,3,0,11,0,0,5,1,0,9,2,0,6,5,5,0,0,1,3,0,0,13,10,3,0,0,3
Basse Santa Su,basse.html,13.31,-14.215,3,21,0,0,5,3,0,11,0,0,5,1,0,9,2,0,6,5,5,0,0,1,3,0,0,13,11,3,0,0,3
Basse Santa Su,basse.html,13.31,-14.215,5,21,0,0,5,3,0,14,1,0,5,1,0,9,2,0,6,5,5,0,0,1,3,0,0,13,11,3,0,0,3
Batokunku,batokunku.html,13.3268,-16.7991,1,0,0,0,1,0,0,1,0,0,0,1,0,0,0,0,0,1,0,0,0,0,0,0,0,0,0,0,0,0,0
Batokunku,batokunku.html,13.3268,-16.7991,2,0,0,0,1,0,0,1,0,0,0,1,0,0,0,0,0,1,0,0,0,0,0,0,0,0,1,1,0,0,0
Batokunku,batokunku.html,13.3268,-16.7991,3,2,0,0,3,0,0,3,0,0,0,2,0,0,0,0,1,1,0,0,0,0,0,1,0,0,3,2,0,1,0
Batokunku,batokunku.html,13.3268,-16.7991,5,3,1,0,3,2,0,6,0,0,0,5,0,0,0,0,3,5,0,0,0,0,0,2,0,0,12,4,0,2,0
Bijilo,bijilo.html,13.4219,-16.7328,1,2,1,0,0,0,0,1,0,0,1,0,0,0,0,0,0,1,0,0,0,0,0,0,0,0,9,1,0,0,0
Bijilo,bijilo.html,13.4219,-16.7328,2,46,3,5,3,0,0,1,0,1,3,2,5,4,2,5,5,11,3,2,0,0,0,4,0,0,19,5,1,0,0
Bijilo,bijilo.html,13.4219,-16.7328,3,84,7,8,9,0,0,6,0,2,5,2,7,7,4,7,7,69,13,3,0,0,0,7,0,0,37,15,1,0,0
Bijilo,bijilo.html,13.4219,-16.7328,5,102,11,10,18,3,0,19,0,2,9,2,9,9,6,9,12,98,23,5,0,1,0,12,0,0,62,34,1,0,0
Brikama,brikama.html,13.2744,-16.6454,1,3,2,2,6,0,0,7,1,0,2,0,1,4,0,0,5,1,0,2,1,0,0,4,0,1,0,2,0,0,0
Brikama,brikama.html,13.2744,-16.6454,2,7,2,2,18,0,1,20,1,0,2,1,2,4,0,0,8,3,0,4,1,0,0,4,0,1,1,7,0,0,0
Brikama,brikama.html,13.2744,-16.6454,3,7,2,4,21,0,1,26,1,0,2,1,2,4,0,0,11,4,0,4,1,0,0,4,0,1,1,14,0,0,0
Brikama,brikama.html,13.2744,-16.6454,5,8,2,5,24,0,1,31,2,0,2,2,2,4,0,0,12,4,0,4,1,0,0,5,0,1,2,19,2,0,0
Brufut,brufut.html,13.3813,-16.7517,1,0,0,0,1,0,0,3,0,0,0,0,2,0,0,0,0,0,0,0,0,0,0,0,0,0,0,2,0,0,0
Brufut,brufut.html,13.3813,-16.7517,2,4,0,0,4,0,0,4,0,0,2,0,2,0,0,0,0,2,0,0,0,0,0,0,0,0,1,2,0,0,0
Brufut,brufut.html,13.3813,-16.7517,3,15,1,1,7,1,1,7,0,0,2,0,2,0,0,1,1,5,2,0,0,0,0,0,8,0,4,5,0,0,0
Brufut,brufut.html,13.3813,-16.7517,5,69,5,7,15,1,1,16,0,1,8,5,8,4,2,7,6,19,5,3,0,0,0,4,30,0,27,21,3,0,0
Brusubi,brusubi.html,13.4073,-16.7306,1,55,4,6,3,0,0,1,0,1,2,2,6,4,2,6,5,10,1,3,0,0,0,4,0,0,4,9,0,0,0
Brusubi,brusubi.html,13.4073,-16.7306,2,62,4,6,5,0,0,5,0,1,4,2,6,4,2,7,6,15,3,3,0,0,0,4,0,0,19,11,0,0,0
Brusubi,brusubi.html,13.4073,-16.7306,3,69,4,6,12,0,0,7,0,1,7,2,7,4,2,7,6,19,3,3,0,0,0,4,0,0,23,12,1,0,0
Brusubi,brusubi.html,13.4073,-16.7306,5,100,10,9,23,1,1,16,0,2,10,2,9,7,6,9,9,91,22,3,0,0,0,8,18,0,50,35,2,0,0
Busumbala,busumbala.html,13.3334,-16.6667,1,1,0,1,1,0,0,0,0,0,0,0,0,0,0,0,0,0,0,0,0,0,0,0,0,0,2,3,0,0,0
Busumbala,busumbala.html,13.3334,-16.6667,2,1,0,2,1,0,1,3,0,0,0,0,0,0,0,0,1,0,1,1,0,0,0,1,0,0,3,11,0,0,0
Busumbala,busumbala.html,13.3334,-16.6667,3,2,1,3,3,0,2,6,0,0,0,0,0,0,0,0,3,0,1,1,0,1,0,3,0,0,4,14,0,0,0
Busumbala,busumbala.html,13.3334,-16.6667,5,3,1,5,7,0,3,14,0,0,0,0,0,2,0,0,5,0,1,4,0,1,0,3,0,0,5,28,1,0,0
Cape Point,cape-point.html,13.4849,-16.6661,1,0,0,0,3,0,0,1,0,0,0,0,0,0,1,0,0,6,1,0,0,0,0,0,0,0,3,0,0,0,0
Cape Point,cape-point.html,13.4849,-16.6661,2,2,0,1,5,0,0,2,0,0,0,0,0,1,1,0,1,7,1,0,0,0,0,0,0,0,6,2,0,0,0
Cape Point,cape-point.html,13.4849,-16.6661,3,6,0,1,6,2,0,13,0,2,4,2,0,2,1,0,3,11,1,0,0,0,0,0,0,8,11,19,0,0,0
Cape Point,cape-point.html,13.4849,-16.6661,5,47,8,1,11,4,0,32,1,7,5,2,2,14,6,3,12,43,1,1,2,0,0,6,0,15,24,40,0,2,2
Essau,essau.html,13.4858,-16.5262,1,0,0,0,1,0,0,2,0,0,0,0,0,0,0,0,0,0,0,0,0,0,0,0,0,0,2,2,0,0,0
Essau,essau.html,13.4858,-16.5262,2,0,0,0,3,0,0,2,0,0,0,0,0,0,0,0,0,0,0,0,0,0,0,0,0,0,5,2,0,0,0
Essau,essau.html,13.4858,-16.5262,3,0,0,0,4,0,0,2,0,0,0,0,0,1,0,0,0,0,0,1,0,0,2,0,0,0,5,2,0,0,0
Essau,essau.html,13.4858,-16.5262,5,0,0,0,4,0,0,2,0,0,0,0,0,1,0,0,0,0,0,1,0,0,2,0,0,0,5,3,0,0,0
Fajara,fajara.html,13.469,-16.6914,1,22,5,0,0,2,0,4,1,2,1,0,0,3,2,1,1,21,0,1,0,0,0,1,0,1,5,9,0,0,0
Fajara,fajara.html,13.469,-16.6914,2,31,6,0,4,2,0,22,1,3,1,1,1,9,2,2,6,33,0,1,0,0,0,1,0,8,17,27,0,1,0
Fajara,fajara.html,13.469,-16.6914,3,39,6,1,9,3,0,36,1,6,4,2,1,9,3,3,9,41,1,3,1,1,0,5,0,14,32,42,0,2,2
Fajara,fajara.html,13.469,-16.6914,5,85,16,6,16,7,0,43,1,7,7,2,3,20,10,4,17,120,21,3,2,2,0,16,0,15,98,62,0,2,2
Farafenni,farafenni.html,13.5721,-15.598,1,8,3,1,5,0,0,5,0,0,0,0,2,5,0,0,2,4,0,1,1,1,0,4,0,6,1,1,0,0,0
Farafenni,farafenni.html,13.5721,-15.598,2,8,5,2,6,1,0,7,0,1,1,0,2,5,0,0,3,4,0,1,1,1,0,4,0,6,1,6,0,0,0
Farafenni,farafenni.html,13.5721,-15.598,3,8,5,2,9,1,0,7,0,1,1,0,2,5,0,0,3,4,0,1,1,1,0,4,0,9,1,7,0,0,0
Farafenni,farafenni.html,13.5721,-15.598,5,9,5,2,14,1,0,12,1,1,1,1,2,5,0,0,4,4,0,1,1,1,0,4,0,9,1,12,0,0,0
Farato,farato.html,13.3152,-16.6632,1,0,0,1,0,0,1,1,0,0,0,0,0,0,0,0,2,0,0,0,0,0,0,2,0,0,1,2,0,0,0
Farato,farato.html,13.3152,-16.6632,2,0,0,2,0,0,1,4,0,0,0,0,0,0,0,0,2,0,0,0,0,0,0,2,0,0,1,6,0,0,0
Farato,farato.html,13.3152,-16.6632,3,1,0,3,1,0,1,4,0,0,0,0,0,0,0,0,2,1,0,0,0,0,0,2,0,0,4,8,1,0,0
Farato,farato.html,13.3152,-16.6632,5,7,1,6,12,0,4,23,0,0,2,1,1,3,0,0,9,4,1,3,0,1,0,3,0,0,4,23,1,0,0
Fatoto,fatoto.html,13.3993,-13.891,1,0,0,0,0,0,0,1,0,0,0,0,0,0,0,0,0,0,0,0,0,0,2,0,0,0,0,1,0,0,0
Fatoto,fatoto.html,13.3993,-13.891,2,0,0,0,0,0,0,1,0,0,0,0,0,0,0,0,0,0,0,0,0,0,2,0,0,0,0,1,0,0,0
Fatoto,fatoto.html,13.3993,-13.891,3,0,0,0,0,0,0,1,0,0,0,0,0,0,0,0,0,0,0,0,0,0,2,0,0,0,0,1,0,0,0
Fatoto,fatoto.html,13.3993,-13.891,5,0,0,0,2,0,0,2,0,0,0,0,0,0,0,0,0,0,0,0,0,0,2,0,1,0,0,2,0,0,0
Gambissara,gambissara.html,13.2383,-14.3108,1,10,2,0,1,0,0,0,0,0,0,1,1,1,0,1,0,2,0,0,0,0,0,0,0,0,1,0,0,0,2
Gambissara,gambissara.html,13.2383,-14.3108,2,10,2,0,1,0,0,0,0,0,0,1,1,1,0,1,0,2,0,0,0,0,0,0,0,0,2,0,0,0,2
Gambissara,gambissara.html,13.2383,-14.3108,3,10,2,0,1,0,0,0,0,0,0,1,1,1,0,1,0,2,0,0,0,0,0,0,0,0,2,0,0,0,2
Gambissara,gambissara.html,13.2383,-14.3108,5,10,2,0,1,0,0,1,0,0,0,1,1,1,0,1,0,2,0,0,0,0,0,0,0,0,2,0,0,0,2
Ghana Town,ghana-town.html,13.38444,-16.77111,1,1,0,1,0,0,0,1,0,0,0,0,0,0,0,0,0,0,2,0,0,0,0,0,0,0,0,0,0,0,0
Ghana Town,ghana-town.html,13.38444,-16.77111,2,2,0,1,1,0,0,2,0,0,0,0,0,0,0,0,0,2,2,0,0,0,0,0,0,0,1,1,2,0,0
Ghana Town,ghana-town.html,13.38444,-16.77111,3,2,0,1,3,0,0,5,0,0,1,0,2,0,0,0,0,2,2,0,0,0,0,0,0,0,2,2,2,0,0
Ghana Town,ghana-town.html,13.38444,-16.77111,5,24,2,3,9,1,1,13,0,0,2,4,3,1,0,1,6,11,5,1,0,0,0,2,7,0,17,9,2,1,0
Gunjur,gunjur.html,13.176,-16.7599,1,1,0,2,1,0,0,1,1,0,1,0,0,0,0,0,0,1,0,1,0,0,0,0,0,0,0,1,0,0,0
Gunjur,gunjur.html,13.176,-16.7599,2,3,1,2,3,0,0,2,1,0,1,0,0,0,0,0,0,1,1,1,0,0,0,0,0,0,0,2,0,0,0
Gunjur,gunjur.html,13.176,-16.7599,3,3,1,2,3,0,0,3,1,0,1,0,0,0,0,0,0,1,3,1,0,0,0,0,0,0,7,2,1,0,0
Gunjur,gunjur.html,13.176,-16.7599,5,4,1,3,4,0,0,6,1,0,1,1,0,0,0,0,0,2,4,1,0,0,0,0,0,0,7,3,1,0,0
Jabang,jabang.html,13.3619,-16.7023,1,0,0,0,2,0,0,2,0,0,0,0,0,0,0,0,2,0,0,0,0,0,0,0,0,0,0,1,0,0,0
Jabang,jabang.html,13.3619,-16.7023,2,0,0,0,3,0,0,4,0,0,0,0,0,0,0,0,2,0,0,0,0,0,0,0,1,0,2,2,0,0,0
Jabang,jabang.html,13.3619,-16.7023,3,2,0,2,11,0,1,9,0,0,2,0,0,2,0,0,4,0,0,2,0,0,0,0,24,0,3,15,1,0,0
Jabang,jabang.html,13.3619,-16.7023,5,20,3,3,17,1,2,16,0,0,4,1,0,2,0,0,5,2,0,3,0,0,0,1,30,0,11,25,1,0,0
Jambanjelly,jambanjelly.html,13.2806,-16.7276,1,0,0,0,0,0,0,1,0,0,0,0,0,0,0,0,1,0,0,0,0,0,0,0,0,0,0,1,0,0,0
Jambanjelly,jambanjelly.html,13.2806,-16.7276,2,1,0,0,1,0,0,2,0,0,0,0,0,0,1,0,1,0,0,0,0,0,0,0,0,0,0,1,0,0,0
Jambanjelly,jambanjelly.html,13.2806,-16.7276,3,1,0,0,1,0,0,2,0,0,0,0,0,0,1,0,1,0,0,0,0,0,0,0,0,0,0,1,0,0,0
Jambanjelly,jambanjelly.html,13.2806,-16.7276,5,2,0,0,2,2,1,6,0,0,1,1,0,0,1,0,3,1,0,0,0,0,0,1,0,0,2,7,0,1,0
Jambur,jambur.html,13.3146,-16.7008,1,0,0,0,0,0,1,1,0,0,0,0,0,0,0,0,0,0,0,0,0,0,0,0,0,0,0,1,0,0,0
Jambur,jambur.html,13.3146,-16.7008,2,0,0,0,0,0,1,1,0,0,0,0,0,0,0,0,0,0,0,0,0,0,0,0,0,0,0,1,0,0,0
Jambur,jambur.html,13.3146,-16.7008,3,0,0,0,0,0,1,2,0,0,0,0,0,0,0,0,0,0,0,0,0,0,0,0,0,0,0,2,0,0,0
Jambur,jambur.html,13.3146,-16.7008,5,1,0,3,1,0,3,11,0,0,1,1,0,0,1,0,3,0,0,1,0,0,0,2,0,0,6,17,1,0,0
Janjanbureh,janjanbureh.html,13.5391,-14.7612,1,2,0,1,0,0,0,2,0,0,1,0,0,0,0,0,0,5,0,1,1,0,2,0,0,5,11,0,0,0,0
Janjanbureh,janjanbureh.html,13.5391,-14.7612,2,2,0,1,0,0,0,2,0,0,1,0,0,0,0,0,0,5,0,1,1,0,2,0,0,5,14,0,0,0,0
Janjanbureh,janjanbureh.html,13.5391,-14.7612,3,2,0,1,0,0,0,3,0,0,1,0,0,0,0,0,0,5,0,1,1,0,2,0,4,5,14,0,0,0,0
Janjanbureh,janjanbureh.html,13.5391,-14.7612,5,2,0,1,0,0,0,4,0,0,1,0,0,0,0,0,0,5,0,1,1,0,2,0,4,5,15,1,0,0,0
Kartong,kartong.html,13.0913,-16.7597,1,0,0,1,1,1,0,3,0,0,2,1,1,0,0,0,0,1,1,0,0,0,0,0,0,0,0,1,0,0,0
Kartong,kartong.html,13.0913,-16.7597,2,0,0,1,1,1,0,4,0,0,2,1,1,0,0,0,0,1,1,0,0,0,0,0,0,0,2,1,0,0,0
Kartong,kartong.html,13.0913,-16.7597,3,0,0,1,1,1,0,4,0,0,2,1,1,0,0,0,0,3,2,0,0,0,3,0,0,0,9,1,0,0,0
Kartong,kartong.html,13.0913,-16.7597,5,1,0,1,1,1,0,4,0,0,2,1,1,0,0,0,0,3,4,0,0,0,4,0,0,0,11,1,1,0,0
Kerewan,kerewan.html,13.4936,-16.0891,1,11,1,0,1,0,0,3,0,0,0,2,1,0,1,0,0,1,0,1,0,0,0,0,0,3,2,1,0,0,1
Kerewan,kerewan.html,13.4936,-16.0891,2,11,1,0,1,0,0,4,0,0,0,2,1,0,1,0,0,1,0,1,0,0,0,0,0,3,2,1,0,0,1
Kerewan,kerewan.html,13.4936,-16.0891,3,11,1,0,1,0,0,4,0,0,0,2,1,0,1,0,0,1,0,1,0,0,0,0,0,3,2,1,1,0,1
Kerewan,kerewan.html,13.4936,-16.0891,5,11,1,0,1,0,0,4,0,0,0,2,1,0,1,0,0,1,0,1,0,0,0,0,0,3,2,1,1,0,1
Kerr Serign,kerr-serign.html,13.4325,-16.7203,1,2,0,1,2,0,0,0,0,1,0,0,1,0,0,0,0,11,4,0,0,0,0,1,0,0,9,0,1,0,0
Kerr Serign,kerr-serign.html,13.4325,-16.7203,2,32,6,3,3,0,0,2,0,1,3,0,1,3,4,1,1,73,15,0,0,0,0,4,0,0,33,11,1,0,0
Kerr Serign,kerr-serign.html,13.4325,-16.7203,3,65,9,5,8,1,0,13,0,1,4,1,4,6,5,6,5,86,20,2,0,0,0,8,0,0,48,28,1,0,0
Kerr Serign,kerr-serign.html,13.4325,-16.7203,5,136,19,12,19,3,0,26,0,5,11,2,8,20,11,12,20,114,24,7,1,2,0,16,0,1,106,49,1,1,2
Kololi,kololi.html,13.4404,-16.7156,1,28,5,2,2,0,0,0,0,0,2,0,1,3,3,1,1,67,11,0,0,0,0,3,0,0,20,7,0,0,0
Kololi,kololi.html,13.4404,-16.7156,2,30,7,3,3,1,0,7,0,1,2,0,1,3,4,1,3,77,19,1,0,0,0,5,0,0,35,19,1,0,0
Kololi,kololi.html,13.4404,-16.7156,3,34,7,4,5,3,0,12,0,1,4,0,1,5,4,2,6,81,20,2,0,1,0,8,0,0,52,25,1,0,0
Kololi,kololi.html,13.4404,-16.7156,5,143,20,12,20,7,0,43,1,8,11,3,9,21,11,11,21,128,24,7,2,2,0,19,0,6,114,64,1,2,2
Kotu,kotu.html,13.4553,-16.7034,1,0,0,0,0,0,0,4,0,0,0,0,0,0,0,0,1,3,0,1,0,1,0,0,0,0,8,3,0,0,0
Kotu,kotu.html,13.4553,-16.7034,2,33,9,0,1,1,0,9,0,2,0,0,1,5,3,3,5,49,7,3,0,1,0,2,0,1,27,17,0,0,0
Kotu,kotu.html,13.4553,-16.7034,3,68,14,5,6,6,0,33,1,4,3,0,2,13,7,4,10,111,19,3,1,1,0,10,0,4,79,44,0,1,2
Kotu,kotu.html,13.4553,-16.7034,5,96,16,7,20,7,0,50,1,8,11,2,4,20,9,5,18,120,22,4,2,2,0,16,0,15,103,68,1,2,2
Kuntaur,kuntaur.html,13.6709,-14.8898,1,1,0,0,0,0,0,0,0,0,0,0,0,0,0,0,0,2,0,0,0,0,4,0,0,0,1,0,0,0,0
Kuntaur,kuntaur.html,13.6709,-14.8898,2,1,0,0,0,0,0,0,0,0,0,0,0,0,0,0,0,2,0,0,0,0,4,0,1,0,1,0,0,0,0
Kuntaur,kuntaur.html,13.6709,-14.8898,3,2,0,1,0,0,0,0,0,0,0,0,0,1,0,0,0,2,0,1,0,0,4,0,1,1,2,0,0,0,0
Kuntaur,kuntaur.html,13.6709,-14.8898,5,2,0,1,0,0,0,1,0,0,0,0,0,1,0,0,0,2,0,1,0,0,4,0,1,1,2,0,0,0,0
Lamin,lamin.html,13.3874,-16.6439,1,0,0,0,0,0,0,2,0,0,0,1,0,0,0,0,2,0,0,0,0,0,0,1,0,0,1,1,1,0,0
Lamin,lamin.html,13.3874,-16.6439,2,3,0,0,1,0,0,3,0,0,0,1,0,0,0,0,2,2,0,1,0,0,0,1,0,1,1,7,1,0,0
Lamin,lamin.html,13.3874,-16.6439,3,12,0,1,1,0,0,4,0,0,0,1,0,0,0,0,5,2,2,2,0,0,0,2,0,1,5,8,1,0,0
Lamin,lamin.html,13.3874,-16.6439,5,32,4,3,18,0,0,12,0,0,3,2,0,2,0,0,13,3,3,5,0,0,0,6,0,1,9,27,2,0,0
Latriya,latriya.html,13.3,-16.711,1,0,0,0,0,0,0,0,0,0,0,0,0,0,0,0,0,0,0,0,0,0,0,0,0,0,0,0,0,0,0
Latriya,latriya.html,13.3,-16.711,2,0,0,0,0,0,0,2,0,0,0,0,0,0,0,0,0,0,0,0,0,0,0,0,0,0,0,1,0,0,0
Latriya,latriya.html,13.3,-16.711,3,0,0,0,0,0,1,3,0,0,0,0,0,0,1,0,0,0,0,0,0,0,0,0,0,0,0,3,0,0,0
Latriya,latriya.html,13.3,-16.711,5,1,0,0,1,0,1,8,0,0,0,1,0,0,1,0,1,0,0,0,0,0,0,0,0,0,1,7,0,0,0
Madiana,madiana.html,13.3533,-16.7631,1,0,0,0,0,0,0,1,0,0,0,0,0,0,0,0,0,0,0,0,0,0,0,0,0,0,1,1,0,0,0
Madiana,madiana.html,13.3533,-16.7631,2,0,1,0,0,0,0,2,0,0,0,0,0,0,0,0,0,1,0,0,0,0,0,0,0,0,5,1,0,0,0
Madiana,madiana.html,13.3533,-16.7631,3,3,1,0,3,0,0,6,0,0,0,4,0,0,0,0,0,1,0,0,0,0,0,1,0,0,6,4,1,1,0
Madiana,madiana.html,13.3533,-16.7631,5,9,1,1,11,3,1,16,0,0,3,5,2,0,0,0,3,6,2,0,0,0,0,2,30,0,15,13,2,2,0
Mamuda,mamuda.html,13.3032,-16.7328,1,0,0,0,0,0,0,0,0,0,0,0,0,0,0,0,0,0,0,0,0,0,0,0,0,0,0,0,0,0,0
Mamuda,mamuda.html,13.3032,-16.7328,2,0,0,0,0,0,0,1,0,0,0,0,0,0,1,0,0,0,0,0,0,0,0,0,0,0,1,1,0,0,0
Mamuda,mamuda.html,13.3032,-16.7328,3,1,0,0,0,2,0,4,0,0,0,0,0,0,1,0,1,0,0,0,0,0,0,0,0,0,2,2,0,1,0
Mamuda,mamuda.html,13.3032,-16.7328,5,2,0,0,1,2,1,7,0,0,1,0,0,0,1,0,3,0,0,0,0,0,0,1,0,0,4,7,0,1,0
Manjai Kunda,manjai-kunda.html,13.4422,-16.6981,1,2,0,0,1,1,0,4,0,0,0,0,0,1,0,0,2,1,2,1,0,0,0,2,0,0,5,7,0,0,0
Manjai Kunda,manjai-kunda.html,13.4422,-16.6981,2,8,2,3,3,3,0,12,0,0,0,0,0,2,0,0,5,7,3,2,0,1,0,5,0,0,44,11,0,0,1
Manjai Kunda,manjai-kunda.html,13.4422,-16.6981,3,74,15,5,11,5,0,30,0,4,6,0,3,17,9,5,13,103,20,3,2,2,0,14,0,2,87,42,0,1,2
Manjai Kunda,manjai-kunda.html,13.4422,-16.6981,5,114,17,7,26,7,0,50,1,8,14,2,6,20,9,5,22,122,21,5,2,2,0,17,0,15,111,79,1,2,2
Mansa Konko,mansa-konko.html,13.4585,-15.534,1,0,0,0,0,0,1,1,0,0,0,0,0,0,0,0,0,0,0,1,0,1,0,0,1,3,7,0,0,0,0
Mansa Konko,mansa-konko.html,13.4585,-15.534,2,1,0,0,2,2,2,3,0,1,1,0,1,1,0,0,3,1,0,2,0,1,0,1,1,4,9,4,0,0,1
Mansa Konko,mansa-konko.html,13.4585,-15.534,3,2,0,2,2,2,2,6,0,1,1,0,1,2,0,0,4,2,0,3,0,1,0,1,1,4,10,4,0,0,2
Mansa Konko,mansa-konko.html,13.4585,-15.534,5,2,0,2,2,2,2,6,0,1,1,0,1,2,0,0,4,2,0,3,0,1,0,1,1,4,10,4,0,0,2
Nema Kunku,nema-kunku.html,13.40461,-16.68401,1,0,0,0,2,0,0,0,0,0,0,0,0,0,0,0,0,0,0,0,0,0,0,0,0,0,1,1,0,0,0
Nema Kunku,nema-kunku.html,13.40461,-16.68401,2,17,1,0,6,0,0,3,0,0,4,0,0,0,0,0,5,1,0,2,0,0,0,3,0,0,3,8,0,0,0
Nema Kunku,nema-kunku.html,13.40461,-16.68401,3,33,3,2,19,0,0,9,0,0,6,1,1,0,0,1,9,1,0,2,0,0,0,4,0,0,7,12,0,0,0
Nema Kunku,nema-kunku.html,13.40461,-16.68401,5,88,7,12,33,4,0,23,0,2,10,2,5,11,3,5,23,14,3,8,1,1,0,17,0,2,56,46,2,0,1
Old Yundum,old-yundum.html,13.3625,-16.68611,1,0,0,2,2,0,0,1,0,0,0,0,0,2,0,0,2,0,0,2,0,0,0,0,0,0,0,3,0,0,0
Old Yundum,old-yundum.html,13.3625,-16.68611,2,3,1,2,7,0,0,6,0,0,0,0,0,2,0,0,3,0,0,2,0,0,0,0,0,0,2,9,0,0,0
Old Yundum,old-yundum.html,13.3625,-16.68611,3,3,2,3,8,0,1,10,0,0,0,1,0,2,0,0,5,0,0,3,0,0,0,1,0,0,5,16,0,0,0
Old Yundum,old-yundum.html,13.3625,-16.68611,5,28,4,4,21,1,2,17,0,0,3,1,0,2,0,0,7,0,1,5,0,1,0,2,27,0,12,31,2,0,0
Pipeline,pipeline.html,13.463,-16.6841,1,28,4,0,2,1,0,14,0,4,0,1,1,7,2,2,3,18,0,1,0,0,0,1,0,8,5,8,0,1,0
Pipeline,pipeline.html,13.463,-16.6841,2,39,6,0,6,3,0,31,1,6,4,2,1,9,3,3,8,33,0,1,1,0,0,3,0,14,12,37,0,2,1
Pipeline,pipeline.html,13.463,-16.6841,3,51,9,2,11,4,0,36,1,7,5,2,2,15,5,3,12,43,2,3,2,1,0,8,0,15,57,41,0,2,2
Pipeline,pipeline.html,13.463,-16.6841,5,92,16,7,19,7,0,46,1,7,10,2,4,20,10,5,18,120,21,3,2,2,0,16,0,15,95,64,0,2,2
Salagi,salagi.html,13.393,-16.71,1,1,0,0,2,0,0,0,0,0,0,0,0,0,0,0,0,1,0,0,0,0,0,0,0,0,0,0,0,0,0
Salagi,salagi.html,13.393,-16.71,2,1,0,0,4,0,0,2,0,0,1,0,0,0,0,0,0,2,0,1,0,0,0,0,0,0,2,1,1,0,0
Salagi,salagi.html,13.393,-16.71,3,43,2,5,10,0,0,5,0,1,4,2,6,3,2,6,6,12,1,3,0,0,0,4,1,0,6,10,1,0,0
Salagi,salagi.html,13.393,-16.71,5,96,7,9,33,1,1,28,0,2,11,3,8,6,2,8,16,20,5,7,0,0,0,5,30,0,35,41,2,0,0
Sanyang,sanyang.html,13.2676,-16.7584,1,0,0,0,1,0,0,1,0,0,1,0,0,0,0,0,0,1,0,0,0,0,0,1,0,0,0,2,0,0,0
Sanyang,sanyang.html,13.2676,-16.7584,2,1,0,0,1,0,0,1,0,0,1,0,0,0,0,0,2,1,0,0,0,0,0,1,0,0,0,2,0,0,0
Sanyang,sanyang.html,13.2676,-16.7584,3,2,0,0,2,0,0,1,0,0,1,0,0,0,0,0,2,1,0,0,0,0,0,1,0,0,0,2,0,0,0
Sanyang,sanyang.html,13.2676,-16.7584,5,3,0,0,2,2,0,6,1,0,1,0,0,0,1,0,3,6,1,0,0,0,0,1,0,0,5,5,1,1,0
Senegambia,senegambia.html,13.4431,-16.7198,1,28,6,2,2,0,0,0,0,0,2,0,1,3,4,1,1,68,15,0,0,0,0,4,0,0,25,8,0,0,0
Senegambia,senegambia.html,13.4431,-16.7198,2,29,7,3,3,1,0,6,0,1,2,0,1,3,4,1,3,76,18,1,0,0,0,5,0,0,33,17,1,0,0
Senegambia,senegambia.html,13.4431,-16.7198,3,33,7,3,5,1,0,11,0,1,3,0,1,4,4,2,4,81,20,2,0,1,0,5,0,0,49,25,1,0,0
Senegambia,senegambia.html,13.4431,-16.7198,5,137,20,11,17,7,0,37,1,6,10,2,9,21,11,11,19,127,24,6,1,2,0,18,0,4,112,57,1,1,2
Serrekunda,serrekunda.html,13.4388,-16.6748,1,12,3,1,3,1,0,2,0,1,1,0,1,5,2,0,3,2,1,0,0,1,0,4,0,1,9,5,0,0,0
Serrekunda,serrekunda.html,13.4388,-16.6748,2,32,4,3,6,4,0,10,0,2,1,0,2,8,3,1,7,5,1,0,2,1,0,10,0,6,40,14,0,0,2
Serrekunda,serrekunda.html,13.4388,-16.6748,3,46,4,3,12,4,0,29,0,6,9,2,3,13,3,3,13,17,3,2,2,1,0,11,0,13,46,30,0,2,2
Serrekunda,serrekunda.html,13.4388,-16.6748,5,109,15,7,31,7,0,51,1,7,13,2,4,18,7,5,26,98,14,6,2,2,0,18,0,16,87,74,0,2,2
Sinchu Alagie,sinchu-alagie.html,13.37808,-16.68374,1,1,1,0,3,0,0,0,0,0,0,0,0,0,0,0,0,0,0,0,0,0,0,0,0,0,1,4,0,0,0
Sinchu Alagie,sinchu-alagie.html,13.37808,-16.68374,2,6,2,2,5,0,0,4,0,0,0,1,0,2,0,0,2,0,0,2,0,0,0,0,0,0,4,7,0,0,0
Sinchu Alagie,sinchu-alagie.html,13.37808,-16.68374,3,24,4,2,13,0,0,7,0,0,0,1,0,2,0,0,4,0,0,3,0,0,0,0,0,0,8,11,0,0,0
Sinchu Alagie,sinchu-alagie.html,13.37808,-16.68374,5,34,4,4,28,0,1,19,0,0,8,2,0,2,0,0,15,5,0,7,0,0,0,6,17,1,14,36,2,0,0
Soma,soma.html,13.4446,-15.5355,1,2,0,2,2,2,2,3,0,0,1,0,1,2,0,0,4,2,0,2,0,0,0,1,0,2,3,4,0,0,2
Soma,soma.html,13.4446,-15.5355,2,2,0,2,2,2,2,5,0,0,1,0,1,2,0,0,4,2,0,3,0,1,0,1,0,4,7,4,0,0,2
Soma,soma.html,13.4446,-15.5355,3,2,0,2,2,2,2,6,0,1,1,0,1,2,0,0,4,2,0,3,0,1,0,1,1,4,10,4,0,0,2
Soma,soma.html,13.4446,-15.5355,5,3,0,3,3,2,2,7,0,1,3,1,1,2,0,0,4,2,0,3,0,1,0,1,4,4,10,4,0,0,2
Sukuta,sukuta.html,13.4148,-16.7076,1,2,0,0,3,0,0,1,0,0,1,0,0,0,0,1,1,1,0,0,0,0,0,0,0,0,0,2,0,0,0
Sukuta,sukuta.html,13.4148,-16.7076,2,3,0,0,6,0,0,2,0,0,1,0,0,0,0,1,1,4,0,1,0,0,0,0,0,0,4,2,0,0,0
Sukuta,sukuta.html,13.4148,-16.7076,3,57,3,7,14,1,0,11,0,2,6,2,6,6,2,7,6,16,3,3,0,0,0,7,0,0,19,16,1,0,0
Sukuta,sukuta.html,13.4148,-16.7076,5,143,17,12,34,4,0,28,0,3,15,2,9,14,9,10,24,101,24,7,0,2,0,20,0,0,102,55,2,0,2
Tanji,tanji.html,13.3586,-16.7975,1,0,0,0,0,0,0,0,0,0,0,0,0,0,0,0,3,3,0,0,0,0,0,1,0,0,3,0,0,0,0
Tanji,tanji.html,13.3586,-16.7975,2,3,0,0,2,0,0,2,0,0,0,4,0,0,0,0,3,3,0,0,0,0,0,2,0,0,4,1,0,1,0
Tanji,tanji.html,13.3586,-16.7975,3,3,1,0,2,0,0,2,0,0,0,4,0,0,0,0,3,4,0,0,0,0,0,2,0,0,8,2,2,1,0
Tanji,tanji.html,13.3586,-16.7975,5,4,1,1,4,0,0,6,0,0,0,5,0,0,0,0,3,5,2,0,0,0,0,2,0,0,11,3,2,1,0
Tintinto,tintinto.html,13.29556,-16.78861,1,0,0,0,0,0,0,1,0,0,0,0,0,0,0,0,0,0,0,0,0,0,0,0,0,0,0,1,0,0,0
Tintinto,tintinto.html,13.29556,-16.78861,2,0,0,0,0,0,0,1,0,0,0,0,0,0,0,0,0,0,0,0,0,0,0,0,0,0,0,1,0,0,0
Tintinto,tintinto.html,13.29556,-16.78861,3,0,0,0,0,0,0,2,0,0,0,0,0,0,0,0,0,0,0,0,0,0,0,0,0,0,3,1,0,0,0
Tintinto,tintinto.html,13.29556,-16.78861,5,2,0,0,2,2,0,5,0,0,1,1,0,0,0,0,2,7,1,0,0,0,0,1,0,0,8,6,0,1,0
Tranquil,tranquil.html,13.40306,-16.73806,1,21,1,3,2,0,0,2,0,0,0,1,3,1,0,3,5,8,2,1,0,0,0,1,0,0,8,3,0,0,0
Tranquil,tranquil.html,13.40306,-16.73806,2,65,4,6,6,0,0,4,0,1,4,2,7,4,2,7,6,15,3,3,0,0,0,4,0,0,15,10,0,0,0
Tranquil,tranquil.html,13.40306,-16.73806,3,67,4,6,8,0,0,8,0,1,6,2,8,4,2,7,6,19,3,3,0,0,0,4,0,0,21,11,0,0,0
Tranquil,tranquil.html,13.40306,-16.73806,5,85,7,9,23,1,1,14,0,2,10,2,9,7,4,8,7,62,14,3,0,0,0,7,25,0,38,23,2,0,0
Tujereng,tujereng.html,13.3179,-16.7889,1,0,0,0,0,0,0,1,0,0,0,0,0,0,0,0,0,0,0,0,0,0,0,0,0,0,1,0,0,0,0
Tujereng,tujereng.html,13.3179,-16.7889,2,0,0,0,1,0,0,2,0,0,0,1,0,0,0,0,0,1,0,0,0,0,0,0,0,0,3,1,0,0,0
Tujereng,tujereng.html,13.3179,-16.7889,3,0,0,0,1,0,0,2,0,0,0,1,0,0,0,0,0,1,0,0,0,0,0,0,0,0,3,2,0,0,0
Tujereng,tujereng.html,13.3179,-16.7889,5,3,1,0,3,2,0,8,0,0,0,5,0,0,0,0,3,5,0,0,0,0,0,2,0,0,13,6,0,2,0
Yundum,yundum.html,13.3422,-16.6697,1,1,0,1,0,0,0,1,0,0,0,0,0,0,0,0,0,0,0,1,0,0,0,0,0,0,1,5,0,0,0
Yundum,yundum.html,13.3422,-16.6697,2,3,1,2,2,0,1,3,0,0,0,0,0,0,0,0,1,0,1,1,0,0,0,1,0,0,3,10,0,0,0
Yundum,yundum.html,13.3422,-16.6697,3,3,1,2,5,0,2,5,0,0,0,0,0,0,0,0,3,0,1,1,0,1,0,2,0,0,3,14,0,0,0
Yundum,yundum.html,13.3422,-16.6697,5,8,3,5,10,0,3,15,0,0,0,1,0,2,0,0,8,0,1,4,0,1,0,4,0,0,8,27,0,0,0
